{
	"class_name" : "PinholeCameraParameters",
	"extrinsic" : 
	[
		0.92935749665842893,
		-0.32593764875224907,
		0.17337615906067899,
		0.0,
		-0.2054802374548487,
		-0.84683574342135426,
		-0.49055794324371232,
		0.0,
		0.30671243114728397,
		0.42027832776608615,
		-0.85398689204803657,
		0.0,
		-1.307814209966029,
		1.0689764398511095,
		87.536231041930776,
		1.0
	],
	"intrinsic" : 
	{
		"height" : 1080,
		"intrinsic_matrix" : 
		[
			935.30743608719376,
			0.0,
			0.0,
			0.0,
			935.30743608719376,
			0.0,
			959.5,
			539.5,
			1.0
		],
		"width" : 1920
	},
	"version_major" : 1,
	"version_minor" : 0
}